category_id,category,capability_director,skill_id,slug,name,output,maximum_action_tier,proactivity_default
finance,"Finance, Treasury, Accounting, and Tax",Liquidity and Cash Operations,SK-FINANCE-CASH-POSITION-RECONCILIATION,finance-cash-position-reconciliation,Cash Position Reconciliation,cash_position_reconciliation_packet.v1,A1,P0
finance,"Finance, Treasury, Accounting, and Tax",Liquidity and Cash Operations,SK-FINANCE-LIQUIDITY-FORECAST-EXCEPTION,finance-liquidity-forecast-exception,Liquidity Forecast Exception,liquidity_forecast_exception_packet.v1,A1,P0
finance,"Finance, Treasury, Accounting, and Tax",Liquidity and Cash Operations,SK-FINANCE-BANK-FEE-ANOMALY-REVIEW,finance-bank-fee-anomaly-review,Bank Fee Anomaly Review,bank_fee_anomaly_review_packet.v1,A0,P1
finance,"Finance, Treasury, Accounting, and Tax",Payables and Disbursements,SK-FINANCE-AP-INVOICE-MATCH-EXCEPTION,finance-ap-invoice-match-exception,Ap Invoice Match Exception,ap_invoice_match_exception_packet.v1,A0,P0
finance,"Finance, Treasury, Accounting, and Tax",Payables and Disbursements,SK-FINANCE-PAYMENT-EXCEPTION-PREPARATION,finance-payment-exception-preparation,Payment Exception Preparation,payment_exception_preparation_packet.v1,A1,P0
finance,"Finance, Treasury, Accounting, and Tax",Payables and Disbursements,SK-FINANCE-PAYMENT-FRAUD-EVIDENCE-TRIAGE,finance-payment-fraud-evidence-triage,Payment Fraud Evidence Triage,payment_fraud_evidence_triage_packet.v1,A0,P2
finance,"Finance, Treasury, Accounting, and Tax",Receivables and Credit Operations,SK-FINANCE-AR-COLLECTIONS-PRIORITIZATION,finance-ar-collections-prioritization,Ar Collections Prioritization,ar_collections_prioritization_packet.v1,A0,P0
finance,"Finance, Treasury, Accounting, and Tax",Receivables and Credit Operations,SK-FINANCE-CREDIT-EXPOSURE-MONITORING,finance-credit-exposure-monitoring,Credit Exposure Monitoring,credit_exposure_monitoring_packet.v1,A0,P1
finance,"Finance, Treasury, Accounting, and Tax",Receivables and Credit Operations,SK-FINANCE-BILLING-DISPUTE-ANALYSIS,finance-billing-dispute-analysis,Billing Dispute Analysis,billing_dispute_analysis_packet.v1,A0,P0
finance,"Finance, Treasury, Accounting, and Tax",Record to Report,SK-FINANCE-REVENUE-CLOSE-TIE-OUT,finance-revenue-close-tie-out,Revenue Close Tie Out,revenue_close_tie_out_packet.v1,A0,P0
finance,"Finance, Treasury, Accounting, and Tax",Record to Report,SK-FINANCE-JOURNAL-ENTRY-SUPPORT-PACK,finance-journal-entry-support-pack,Journal Entry Support Pack,journal_entry_support_pack_packet.v1,A0,P0
finance,"Finance, Treasury, Accounting, and Tax",Record to Report,SK-FINANCE-INTERCOMPANY-RECONCILIATION,finance-intercompany-reconciliation,Intercompany Reconciliation,intercompany_reconciliation_packet.v1,A1,P0
finance,"Finance, Treasury, Accounting, and Tax",Record to Report,SK-FINANCE-FIXED-ASSET-LIFECYCLE-REVIEW,finance-fixed-asset-lifecycle-review,Fixed Asset Lifecycle Review,fixed_asset_lifecycle_review_packet.v1,A0,P0
finance,"Finance, Treasury, Accounting, and Tax",Record to Report,SK-FINANCE-EXPENSE-POLICY-AUDIT,finance-expense-policy-audit,Expense Policy Audit,expense_policy_audit_packet.v1,A0,P0
finance,"Finance, Treasury, Accounting, and Tax",Record to Report,SK-FINANCE-CLOSE-READINESS-ASSESSMENT,finance-close-readiness-assessment,Close Readiness Assessment,close_readiness_assessment_packet.v1,A0,P1
finance,"Finance, Treasury, Accounting, and Tax",Planning and Performance,SK-FINANCE-VARIANCE-COMMENTARY-DRAFT,finance-variance-commentary-draft,Variance Commentary Draft,variance_commentary_draft_packet.v1,A1,P0
finance,"Finance, Treasury, Accounting, and Tax",Planning and Performance,SK-FINANCE-FORECAST-ROLLUP-QUALITY-CHECK,finance-forecast-rollup-quality-check,Forecast Rollup Quality Check,forecast_rollup_quality_check_packet.v1,A0,P0
finance,"Finance, Treasury, Accounting, and Tax",Planning and Performance,SK-FINANCE-WORKING-CAPITAL-ACTION-PLAN,finance-working-capital-action-plan,Working Capital Action Plan,working_capital_action_plan_packet.v1,A0,P0
finance,"Finance, Treasury, Accounting, and Tax",Treasury and Controls,SK-FINANCE-COVENANT-COMPLIANCE-CHECK,finance-covenant-compliance-check,Covenant Compliance Check,covenant_compliance_check_packet.v1,A0,P2
finance,"Finance, Treasury, Accounting, and Tax",Tax Operations,SK-FINANCE-TAX-DATA-READINESS,finance-tax-data-readiness,Tax Data Readiness,tax_data_readiness_packet.v1,A0,P0
finance,"Finance, Treasury, Accounting, and Tax",Tax Operations,SK-FINANCE-INDIRECT-TAX-EXCEPTION-REVIEW,finance-indirect-tax-exception-review,Indirect Tax Exception Review,indirect_tax_exception_review_packet.v1,A0,P0
finance,"Finance, Treasury, Accounting, and Tax",Audit and Assurance,SK-FINANCE-AUDIT-PBC-COMPILATION,finance-audit-pbc-compilation,Audit Pbc Compilation,audit_pbc_compilation_packet.v1,A0,P0
finance,"Finance, Treasury, Accounting, and Tax",Master Data Controls,SK-FINANCE-VENDOR-MASTER-CHANGE-VALIDATION,finance-vendor-master-change-validation,Vendor Master Change Validation,vendor_master_change_validation_packet.v1,A0,P1
finance,"Finance, Treasury, Accounting, and Tax",Finance Governance,SK-FINANCE-FINANCIAL-POLICY-QUERY-TRIAGE,finance-financial-policy-query-triage,Financial Policy Query Triage,financial_policy_query_triage_packet.v1,A0,P2
finance,"Finance, Treasury, Accounting, and Tax",Executive Finance Reporting,SK-FINANCE-MANAGEMENT-REPORTING-PACK,finance-management-reporting-pack,Management Reporting Pack,management_reporting_pack_packet.v1,A0,P0
procurement,"Procurement, Supplier Management, and Third-Party Risk",Demand and Category Management,SK-PROCUREMENT-DEMAND-INTAKE-QUALIFICATION,procurement-demand-intake-qualification,Demand Intake Qualification,demand_intake_qualification_packet.v1,A1,P0
procurement,"Procurement, Supplier Management, and Third-Party Risk",Demand and Category Management,SK-PROCUREMENT-SOURCING-EVENT-DESIGN,procurement-sourcing-event-design,Sourcing Event Design,sourcing_event_design_packet.v1,A0,P0
procurement,"Procurement, Supplier Management, and Third-Party Risk",Supplier Lifecycle Management,SK-PROCUREMENT-SUPPLIER-ONBOARDING-READINESS,procurement-supplier-onboarding-readiness,Supplier Onboarding Readiness,supplier_onboarding_readiness_packet.v1,A0,P0
procurement,"Procurement, Supplier Management, and Third-Party Risk",Supplier Lifecycle Management,SK-PROCUREMENT-SUPPLIER-MASTER-VALIDATION,procurement-supplier-master-validation,Supplier Master Validation,supplier_master_validation_packet.v1,A0,P0
procurement,"Procurement, Supplier Management, and Third-Party Risk",Supplier Contract Operations,SK-PROCUREMENT-CONTRACT-OBLIGATION-EXTRACTION,procurement-contract-obligation-extraction,Contract Obligation Extraction,contract_obligation_extraction_packet.v1,A0,P0
procurement,"Procurement, Supplier Management, and Third-Party Risk",Purchasing Controls,SK-PROCUREMENT-PURCHASE-REQUISITION-COMPLIANCE,procurement-purchase-requisition-compliance,Purchase Requisition Compliance,purchase_requisition_compliance_packet.v1,A0,P0
procurement,"Procurement, Supplier Management, and Third-Party Risk",Purchasing Controls,SK-PROCUREMENT-PURCHASE-ORDER-CHANGE-TRIAGE,procurement-purchase-order-change-triage,Purchase Order Change Triage,purchase_order_change_triage_packet.v1,A0,P2
procurement,"Procurement, Supplier Management, and Third-Party Risk",Payables and Procurement,SK-PROCUREMENT-INVOICE-EXCEPTION-ANALYSIS,procurement-invoice-exception-analysis,Invoice Exception Analysis,invoice_exception_analysis_packet.v1,A0,P0
procurement,"Procurement, Supplier Management, and Third-Party Risk",Payables and Procurement,SK-PROCUREMENT-THREE-WAY-MATCH-RESOLUTION,procurement-three-way-match-resolution,Three Way Match Resolution,three_way_match_resolution_packet.v1,A0,P0
procurement,"Procurement, Supplier Management, and Third-Party Risk",Supplier Performance Management,SK-PROCUREMENT-SUPPLIER-PERFORMANCE-SCORECARD,procurement-supplier-performance-scorecard,Supplier Performance Scorecard,supplier_performance_scorecard_packet.v1,A0,P0
procurement,"Procurement, Supplier Management, and Third-Party Risk",Third-Party Risk,SK-PROCUREMENT-SUPPLIER-RISK-SIGNAL-VALIDATION,procurement-supplier-risk-signal-validation,Supplier Risk Signal Validation,supplier_risk_signal_validation_packet.v1,A0,P1
procurement,"Procurement, Supplier Management, and Third-Party Risk",Third-Party Risk,SK-PROCUREMENT-SUPPLIER-CONCENTRATION-EXPOSURE,procurement-supplier-concentration-exposure,Supplier Concentration Exposure,supplier_concentration_exposure_packet.v1,A0,P1
procurement,"Procurement, Supplier Management, and Third-Party Risk",Third-Party Risk,SK-PROCUREMENT-CERTIFICATE-EXPIRY-MONITORING,procurement-certificate-expiry-monitoring,Certificate Expiry Monitoring,certificate_expiry_monitoring_packet.v1,A0,P1
procurement,"Procurement, Supplier Management, and Third-Party Risk",Responsible Sourcing,SK-PROCUREMENT-SUPPLIER-ESG-EVIDENCE-REVIEW,procurement-supplier-esg-evidence-review,Supplier Esg Evidence Review,supplier_esg_evidence_review_packet.v1,A0,P0
procurement,"Procurement, Supplier Management, and Third-Party Risk",Responsible Sourcing,SK-PROCUREMENT-SUPPLIER-DIVERSITY-CERTIFICATION,procurement-supplier-diversity-certification,Supplier Diversity Certification,supplier_diversity_certification_packet.v1,A0,P0
procurement,"Procurement, Supplier Management, and Third-Party Risk",Supplier Contract Operations,SK-PROCUREMENT-CONTRACT-RENEWAL-READINESS,procurement-contract-renewal-readiness,Contract Renewal Readiness,contract_renewal_readiness_packet.v1,A0,P0
procurement,"Procurement, Supplier Management, and Third-Party Risk",Demand and Category Management,SK-PROCUREMENT-CATEGORY-OPPORTUNITY-ANALYSIS,procurement-category-opportunity-analysis,Category Opportunity Analysis,category_opportunity_analysis_packet.v1,A0,P0
procurement,"Procurement, Supplier Management, and Third-Party Risk",Supplier Performance Management,SK-PROCUREMENT-PRICE-VARIANCE-INVESTIGATION,procurement-price-variance-investigation,Price Variance Investigation,price_variance_investigation_packet.v1,A0,P0
procurement,"Procurement, Supplier Management, and Third-Party Risk",Supplier Performance Management,SK-PROCUREMENT-LEAD-TIME-EXCEPTION-TRIAGE,procurement-lead-time-exception-triage,Lead Time Exception Triage,lead_time_exception_triage_packet.v1,A0,P2
procurement,"Procurement, Supplier Management, and Third-Party Risk",Supplier Quality and Remediation,SK-PROCUREMENT-SUPPLIER-QUALITY-ISSUE-ESCALATION,procurement-supplier-quality-issue-escalation,Supplier Quality Issue Escalation,supplier_quality_issue_escalation_packet.v1,A0,P0
procurement,"Procurement, Supplier Management, and Third-Party Risk",Supplier Quality and Remediation,SK-PROCUREMENT-CORRECTIVE-ACTION-FOLLOW-UP,procurement-corrective-action-follow-up,Corrective Action Follow Up,corrective_action_follow_up_packet.v1,A0,P1
procurement,"Procurement, Supplier Management, and Third-Party Risk",Purchasing Controls,SK-PROCUREMENT-OFF-CONTRACT-SPEND-ANALYSIS,procurement-off-contract-spend-analysis,Off Contract Spend Analysis,off_contract_spend_analysis_packet.v1,A1,P0
procurement,"Procurement, Supplier Management, and Third-Party Risk",Purchasing Controls,SK-PROCUREMENT-PURCHASE-APPROVAL-ROUTING,procurement-purchase-approval-routing,Purchase Approval Routing,purchase_approval_routing_packet.v1,A0,P0
procurement,"Procurement, Supplier Management, and Third-Party Risk",Supplier Lifecycle Management,SK-PROCUREMENT-SUPPLIER-EXIT-READINESS,procurement-supplier-exit-readiness,Supplier Exit Readiness,supplier_exit_readiness_packet.v1,A0,P0
procurement,"Procurement, Supplier Management, and Third-Party Risk",Third-Party Risk,SK-PROCUREMENT-THIRD-PARTY-DATA-CHANGE-REVIEW,procurement-third-party-data-change-review,Third Party Data Change Review,third_party_data_change_review_packet.v1,A0,P1
revenue,"Sales, Account Management, Customer Success, and Revenue Operations",Strategic Account Growth,SK-REVENUE-ACCOUNT-PLAN-PREPARATION,revenue-account-plan-preparation,Account Plan Preparation,account_plan_preparation_packet.v1,A0,P0
revenue,"Sales, Account Management, Customer Success, and Revenue Operations",Pipeline and Deal Operations,SK-REVENUE-OPPORTUNITY-QUALIFICATION,revenue-opportunity-qualification,Opportunity Qualification,opportunity_qualification_packet.v1,A0,P0
revenue,"Sales, Account Management, Customer Success, and Revenue Operations",Pipeline and Deal Operations,SK-REVENUE-DEAL-DESK-REVIEW-PACK,revenue-deal-desk-review-pack,Deal Desk Review Pack,deal_desk_review_pack_packet.v1,A0,P1
revenue,"Sales, Account Management, Customer Success, and Revenue Operations",Pipeline and Deal Operations,SK-REVENUE-QUOTE-POLICY-COMPLIANCE,revenue-quote-policy-compliance,Quote Policy Compliance,quote_policy_compliance_packet.v1,A0,P0
revenue,"Sales, Account Management, Customer Success, and Revenue Operations",Revenue Operations,SK-REVENUE-PIPELINE-HYGIENE-REVIEW,revenue-pipeline-hygiene-review,Pipeline Hygiene Review,pipeline_hygiene_review_packet.v1,A0,P0
revenue,"Sales, Account Management, Customer Success, and Revenue Operations",Revenue Operations,SK-REVENUE-FORECAST-ROLLUP-EXCEPTION,revenue-forecast-rollup-exception,Forecast Rollup Exception,forecast_rollup_exception_packet.v1,A0,P0
revenue,"Sales, Account Management, Customer Success, and Revenue Operations",Customer Retention,SK-REVENUE-RENEWAL-RISK-ASSESSMENT,revenue-renewal-risk-assessment,Renewal Risk Assessment,renewal_risk_assessment_packet.v1,A0,P1
revenue,"Sales, Account Management, Customer Success, and Revenue Operations",Strategic Account Growth,SK-REVENUE-EXPANSION-SIGNAL-QUALIFICATION,revenue-expansion-signal-qualification,Expansion Signal Qualification,expansion_signal_qualification_packet.v1,A1,P1
revenue,"Sales, Account Management, Customer Success, and Revenue Operations",Customer Retention,SK-REVENUE-ACCOUNT-HEALTH-SCORECARD,revenue-account-health-scorecard,Account Health Scorecard,account_health_scorecard_packet.v1,A0,P0
revenue,"Sales, Account Management, Customer Success, and Revenue Operations",Strategic Account Growth,SK-REVENUE-STAKEHOLDER-MAP-PREPARATION,revenue-stakeholder-map-preparation,Stakeholder Map Preparation,stakeholder_map_preparation_packet.v1,A0,P0
revenue,"Sales, Account Management, Customer Success, and Revenue Operations",Deal Enablement,SK-REVENUE-RFP-RESPONSE-EVIDENCE,revenue-rfp-response-evidence,Rfp Response Evidence,rfp_response_evidence_packet.v1,A0,P0
revenue,"Sales, Account Management, Customer Success, and Revenue Operations",Revenue Operations,SK-REVENUE-SALES-ACTIVITY-CAPTURE-REVIEW,revenue-sales-activity-capture-review,Sales Activity Capture Review,sales_activity_capture_review_packet.v1,A0,P0
revenue,"Sales, Account Management, Customer Success, and Revenue Operations",Revenue Operations,SK-REVENUE-LEAD-ROUTING-QUALITY-CHECK,revenue-lead-routing-quality-check,Lead Routing Quality Check,lead_routing_quality_check_packet.v1,A0,P0
revenue,"Sales, Account Management, Customer Success, and Revenue Operations",Revenue Operations,SK-REVENUE-TERRITORY-COVERAGE-ANALYSIS,revenue-territory-coverage-analysis,Territory Coverage Analysis,territory_coverage_analysis_packet.v1,A0,P0
revenue,"Sales, Account Management, Customer Success, and Revenue Operations",Pipeline and Deal Operations,SK-REVENUE-PRICING-EXCEPTION-PREPARATION,revenue-pricing-exception-preparation,Pricing Exception Preparation,pricing_exception_preparation_packet.v1,A0,P0
revenue,"Sales, Account Management, Customer Success, and Revenue Operations",Deal to Delivery,SK-REVENUE-CONTRACT-HANDOFF-READINESS,revenue-contract-handoff-readiness,Contract Handoff Readiness,contract_handoff_readiness_packet.v1,A0,P0
revenue,"Sales, Account Management, Customer Success, and Revenue Operations",Deal to Delivery,SK-REVENUE-CUSTOMER-ONBOARDING-READINESS,revenue-customer-onboarding-readiness,Customer Onboarding Readiness,customer_onboarding_readiness_packet.v1,A0,P0
revenue,"Sales, Account Management, Customer Success, and Revenue Operations",Customer Retention,SK-REVENUE-ADOPTION-ANALYSIS,revenue-adoption-analysis,Adoption Analysis,adoption_analysis_packet.v1,A0,P0
revenue,"Sales, Account Management, Customer Success, and Revenue Operations",Customer Retention,SK-REVENUE-QBR-PACK-PREPARATION,revenue-qbr-pack-preparation,Qbr Pack Preparation,qbr_pack_preparation_packet.v1,A0,P0
revenue,"Sales, Account Management, Customer Success, and Revenue Operations",Customer Retention,SK-REVENUE-CHURN-ROOT-CAUSE-ANALYSIS,revenue-churn-root-cause-analysis,Churn Root Cause Analysis,churn_root_cause_analysis_packet.v1,A0,P0
revenue,"Sales, Account Management, Customer Success, and Revenue Operations",Revenue Operations,SK-REVENUE-WIN-LOSS-SYNTHESIS,revenue-win-loss-synthesis,Win Loss Synthesis,win_loss_synthesis_packet.v1,A0,P0
revenue,"Sales, Account Management, Customer Success, and Revenue Operations",Revenue Operations,SK-REVENUE-INCENTIVE-EXCEPTION-REVIEW,revenue-incentive-exception-review,Incentive Exception Review,incentive_exception_review_packet.v1,A0,P0
revenue,"Sales, Account Management, Customer Success, and Revenue Operations",Deal to Delivery,SK-REVENUE-CUSTOMER-COMMITMENT-TRACKER,revenue-customer-commitment-tracker,Customer Commitment Tracker,customer_commitment_tracker_packet.v1,A1,P1
revenue,"Sales, Account Management, Customer Success, and Revenue Operations",Customer Advocacy,SK-REVENUE-REFERENCE-CANDIDATE-QUALIFICATION,revenue-reference-candidate-qualification,Reference Candidate Qualification,reference_candidate_qualification_packet.v1,A1,P0
revenue,"Sales, Account Management, Customer Success, and Revenue Operations",Customer Escalation Management,SK-REVENUE-CUSTOMER-ESCALATION-COORDINATION,revenue-customer-escalation-coordination,Customer Escalation Coordination,customer_escalation_coordination_packet.v1,A0,P0
marketing,"Marketing, Demand Generation, Brand, and Communications",Campaign Strategy and Operations,SK-MARKETING-CAMPAIGN-BRIEF-PREPARATION,marketing-campaign-brief-preparation,Campaign Brief Preparation,campaign_brief_preparation_packet.v1,A1,P0
marketing,"Marketing, Demand Generation, Brand, and Communications",Audience and Lifecycle Marketing,SK-MARKETING-AUDIENCE-SEGMENTATION-REVIEW,marketing-audience-segmentation-review,Audience Segmentation Review,audience_segmentation_review_packet.v1,A0,P0
marketing,"Marketing, Demand Generation, Brand, and Communications",Audience and Lifecycle Marketing,SK-MARKETING-CONSENT-ELIGIBILITY-CHECK,marketing-consent-eligibility-check,Consent Eligibility Check,consent_eligibility_check_packet.v1,A0,P0
marketing,"Marketing, Demand Generation, Brand, and Communications",Brand and Content Governance,SK-MARKETING-CONTENT-CLAIMS-REVIEW,marketing-content-claims-review,Content Claims Review,content_claims_review_packet.v1,A0,P0
marketing,"Marketing, Demand Generation, Brand, and Communications",Brand and Content Governance,SK-MARKETING-BRAND-COMPLIANCE-REVIEW,marketing-brand-compliance-review,Brand Compliance Review,brand_compliance_review_packet.v1,A0,P0
marketing,"Marketing, Demand Generation, Brand, and Communications",Campaign Strategy and Operations,SK-MARKETING-BUDGET-PACING-ANALYSIS,marketing-budget-pacing-analysis,Budget Pacing Analysis,budget_pacing_analysis_packet.v1,A0,P0
marketing,"Marketing, Demand Generation, Brand, and Communications",Campaign Measurement,SK-MARKETING-CHANNEL-PERFORMANCE-SYNTHESIS,marketing-channel-performance-synthesis,Channel Performance Synthesis,channel_performance_synthesis_packet.v1,A0,P0
marketing,"Marketing, Demand Generation, Brand, and Communications",Demand Operations,SK-MARKETING-LEAD-QUALITY-REVIEW,marketing-lead-quality-review,Lead Quality Review,lead_quality_review_packet.v1,A0,P0
marketing,"Marketing, Demand Generation, Brand, and Communications",Audience and Lifecycle Marketing,SK-MARKETING-ACCOUNT-BASED-SIGNAL-QUALIFICATION,marketing-account-based-signal-qualification,Account Based Signal Qualification,account_based_signal_qualification_packet.v1,A1,P1
marketing,"Marketing, Demand Generation, Brand, and Communications",Field and Event Marketing,SK-MARKETING-EVENT-READINESS-CHECKLIST,marketing-event-readiness-checklist,Event Readiness Checklist,event_readiness_checklist_packet.v1,A0,P0
marketing,"Marketing, Demand Generation, Brand, and Communications",Field and Event Marketing,SK-MARKETING-WEBINAR-FOLLOW-UP-PREPARATION,marketing-webinar-follow-up-preparation,Webinar Follow Up Preparation,webinar_follow_up_preparation_packet.v1,A1,P0
marketing,"Marketing, Demand Generation, Brand, and Communications",Brand and Content Governance,SK-MARKETING-CONTENT-REUSE-ELIGIBILITY,marketing-content-reuse-eligibility,Content Reuse Eligibility,content_reuse_eligibility_packet.v1,A0,P0
marketing,"Marketing, Demand Generation, Brand, and Communications",Brand and Communications Risk,SK-MARKETING-SOCIAL-RISK-MONITORING,marketing-social-risk-monitoring,Social Risk Monitoring,social_risk_monitoring_packet.v1,A0,P1
marketing,"Marketing, Demand Generation, Brand, and Communications",Digital Content Operations,SK-MARKETING-SEO-CONTENT-BRIEF,marketing-seo-content-brief,Seo Content Brief,seo_content_brief_packet.v1,A0,P0
marketing,"Marketing, Demand Generation, Brand, and Communications",Campaign Measurement,SK-MARKETING-PAID-MEDIA-ANOMALY-REVIEW,marketing-paid-media-anomaly-review,Paid Media Anomaly Review,paid_media_anomaly_review_packet.v1,A0,P1
marketing,"Marketing, Demand Generation, Brand, and Communications",Campaign Measurement,SK-MARKETING-ATTRIBUTION-EXPLANATION-PACK,marketing-attribution-explanation-pack,Attribution Explanation Pack,attribution_explanation_pack_packet.v1,A1,P0
marketing,"Marketing, Demand Generation, Brand, and Communications",Audience and Lifecycle Marketing,SK-MARKETING-NURTURE-JOURNEY-QUALITY-CHECK,marketing-nurture-journey-quality-check,Nurture Journey Quality Check,nurture_journey_quality_check_packet.v1,A0,P0
marketing,"Marketing, Demand Generation, Brand, and Communications",Campaign Strategy and Operations,SK-MARKETING-CAMPAIGN-LAUNCH-READINESS,marketing-campaign-launch-readiness,Campaign Launch Readiness,campaign_launch_readiness_packet.v1,A0,P0
marketing,"Marketing, Demand Generation, Brand, and Communications",Market Intelligence and Messaging,SK-MARKETING-COMPETITIVE-MESSAGE-SYNTHESIS,marketing-competitive-message-synthesis,Competitive Message Synthesis,competitive_message_synthesis_packet.v1,A0,P0
marketing,"Marketing, Demand Generation, Brand, and Communications",Brand and Communications Risk,SK-MARKETING-PR-ISSUE-TRIAGE,marketing-pr-issue-triage,Pr Issue Triage,pr_issue_triage_packet.v1,A0,P2
marketing,"Marketing, Demand Generation, Brand, and Communications",Executive Communications,SK-MARKETING-EXECUTIVE-COMMUNICATION-DRAFT,marketing-executive-communication-draft,Executive Communication Draft,executive_communication_draft_packet.v1,A0,P0
marketing,"Marketing, Demand Generation, Brand, and Communications",Customer Advocacy,SK-MARKETING-CUSTOMER-ADVOCACY-QUALIFICATION,marketing-customer-advocacy-qualification,Customer Advocacy Qualification,customer_advocacy_qualification_packet.v1,A0,P0
marketing,"Marketing, Demand Generation, Brand, and Communications",Partner Marketing,SK-MARKETING-PARTNER-MARKETING-READINESS,marketing-partner-marketing-readiness,Partner Marketing Readiness,partner_marketing_readiness_packet.v1,A0,P0
marketing,"Marketing, Demand Generation, Brand, and Communications",Market Intelligence and Messaging,SK-MARKETING-MARKET-RESEARCH-SYNTHESIS,marketing-market-research-synthesis,Market Research Synthesis,market_research_synthesis_packet.v1,A0,P0
marketing,"Marketing, Demand Generation, Brand, and Communications",Demand Operations,SK-MARKETING-MARKETING-OPERATIONS-DATA-QUALITY,marketing-marketing-operations-data-quality,Marketing Operations Data Quality,marketing_operations_data_quality_packet.v1,A1,P0
customer-service,"Customer Service, Support Operations, and Contact Center Quality",Case Intake and Routing,SK-CUSTOMER-SERVICE-CASE-INTAKE-CLASSIFICATION,customer-service-case-intake-classification,Case Intake Classification,case_intake_classification_packet.v1,A0,P0
customer-service,"Customer Service, Support Operations, and Contact Center Quality",Knowledge and Resolution Support,SK-CUSTOMER-SERVICE-KNOWLEDGE-EVIDENCE-RETRIEVAL,customer-service-knowledge-evidence-retrieval,Knowledge Evidence Retrieval,knowledge_evidence_retrieval_packet.v1,A0,P0
customer-service,"Customer Service, Support Operations, and Contact Center Quality",Knowledge and Resolution Support,SK-CUSTOMER-SERVICE-TROUBLESHOOTING-PLAN-DRAFT,customer-service-troubleshooting-plan-draft,Troubleshooting Plan Draft,troubleshooting_plan_draft_packet.v1,A1,P1
customer-service,"Customer Service, Support Operations, and Contact Center Quality",Case Intake and Routing,SK-CUSTOMER-SERVICE-SERVICE-LEVEL-RISK-MONITORING,customer-service-service-level-risk-monitoring,Service Level Risk Monitoring,service_level_risk_monitoring_packet.v1,A0,P1
customer-service,"Customer Service, Support Operations, and Contact Center Quality",Escalation and Complaint Management,SK-CUSTOMER-SERVICE-CASE-ESCALATION-PREPARATION,customer-service-case-escalation-preparation,Case Escalation Preparation,case_escalation_preparation_packet.v1,A0,P0
customer-service,"Customer Service, Support Operations, and Contact Center Quality",Escalation and Complaint Management,SK-CUSTOMER-SERVICE-MAJOR-INCIDENT-CUSTOMER-UPDATE,customer-service-major-incident-customer-update,Major Incident Customer Update,major_incident_customer_update_packet.v1,A0,P2
customer-service,"Customer Service, Support Operations, and Contact Center Quality",Escalation and Complaint Management,SK-CUSTOMER-SERVICE-COMPLAINT-CLASSIFICATION,customer-service-complaint-classification,Complaint Classification,complaint_classification_packet.v1,A1,P0
customer-service,"Customer Service, Support Operations, and Contact Center Quality",Service Quality and Improvement,SK-CUSTOMER-SERVICE-ROOT-CAUSE-EVIDENCE-COMPILATION,customer-service-root-cause-evidence-compilation,Root Cause Evidence Compilation,root_cause_evidence_compilation_packet.v1,A0,P0
customer-service,"Customer Service, Support Operations, and Contact Center Quality",Entitlement and Remedy Operations,SK-CUSTOMER-SERVICE-REFUND-EXCEPTION-PREPARATION,customer-service-refund-exception-preparation,Refund Exception Preparation,refund_exception_preparation_packet.v1,A1,P0
customer-service,"Customer Service, Support Operations, and Contact Center Quality",Entitlement and Remedy Operations,SK-CUSTOMER-SERVICE-ENTITLEMENT-VALIDATION,customer-service-entitlement-validation,Entitlement Validation,entitlement_validation_packet.v1,A0,P0
customer-service,"Customer Service, Support Operations, and Contact Center Quality",Service Quality and Improvement,SK-CUSTOMER-SERVICE-SERVICE-QUALITY-SCORECARD,customer-service-service-quality-scorecard,Service Quality Scorecard,service_quality_scorecard_packet.v1,A0,P0
customer-service,"Customer Service, Support Operations, and Contact Center Quality",Contact Center Operations,SK-CUSTOMER-SERVICE-AGENT-COACHING-PREPARATION,customer-service-agent-coaching-preparation,Agent Coaching Preparation,agent_coaching_preparation_packet.v1,A0,P0
customer-service,"Customer Service, Support Operations, and Contact Center Quality",Contact Center Operations,SK-CUSTOMER-SERVICE-QA-SAMPLE-SELECTION,customer-service-qa-sample-selection,Qa Sample Selection,qa_sample_selection_packet.v1,A1,P1
customer-service,"Customer Service, Support Operations, and Contact Center Quality",Knowledge and Resolution Support,SK-CUSTOMER-SERVICE-SELF-SERVICE-GAP-ANALYSIS,customer-service-self-service-gap-analysis,Self Service Gap Analysis,self_service_gap_analysis_packet.v1,A0,P0
customer-service,"Customer Service, Support Operations, and Contact Center Quality",Case Intake and Routing,SK-CUSTOMER-SERVICE-BACKLOG-PRIORITIZATION-SUPPORT,customer-service-backlog-prioritization-support,Backlog Prioritization Support,backlog_prioritization_support_packet.v1,A0,P0
customer-service,"Customer Service, Support Operations, and Contact Center Quality",Service Delivery Coordination,SK-CUSTOMER-SERVICE-CROSS-TEAM-HANDOFF-READINESS,customer-service-cross-team-handoff-readiness,Cross Team Handoff Readiness,cross_team_handoff_readiness_packet.v1,A0,P0
customer-service,"Customer Service, Support Operations, and Contact Center Quality",Contact Center Operations,SK-CUSTOMER-SERVICE-DIGITAL-CHANNEL-HEALTH-REVIEW,customer-service-digital-channel-health-review,Digital Channel Health Review,digital_channel_health_review_packet.v1,A0,P0
customer-service,"Customer Service, Support Operations, and Contact Center Quality",Entitlement and Remedy Operations,SK-CUSTOMER-SERVICE-SERVICE-CONSENT-CHECK,customer-service-service-consent-check,Service Consent Check,service_consent_check_packet.v1,A0,P0
customer-service,"Customer Service, Support Operations, and Contact Center Quality",Service Delivery Coordination,SK-CUSTOMER-SERVICE-ACCESSIBILITY-ACCOMMODATION-HANDOFF,customer-service-accessibility-accommodation-handoff,Accessibility Accommodation Handoff,accessibility_accommodation_handoff_packet.v1,A0,P0
customer-service,"Customer Service, Support Operations, and Contact Center Quality",Customer Retention Support,SK-CUSTOMER-SERVICE-CUSTOMER-SAVE-CASE-PREPARATION,customer-service-customer-save-case-preparation,Customer Save Case Preparation,customer_save_case_preparation_packet.v1,A0,P0
customer-service,"Customer Service, Support Operations, and Contact Center Quality",Service Quality and Improvement,SK-CUSTOMER-SERVICE-SURVEY-INSIGHT-SYNTHESIS,customer-service-survey-insight-synthesis,Survey Insight Synthesis,survey_insight_synthesis_packet.v1,A0,P0
customer-service,"Customer Service, Support Operations, and Contact Center Quality",Service Delivery Coordination,SK-CUSTOMER-SERVICE-FIELD-SERVICE-DISPATCH-READINESS,customer-service-field-service-dispatch-readiness,Field Service Dispatch Readiness,field_service_dispatch_readiness_packet.v1,A0,P0
customer-service,"Customer Service, Support Operations, and Contact Center Quality",Case Intake and Routing,SK-CUSTOMER-SERVICE-CASE-CLOSURE-QUALITY-CHECK,customer-service-case-closure-quality-check,Case Closure Quality Check,case_closure_quality_check_packet.v1,A0,P0
customer-service,"Customer Service, Support Operations, and Contact Center Quality",Service Quality and Improvement,SK-CUSTOMER-SERVICE-SUPPORT-ANALYTICS-PACK,customer-service-support-analytics-pack,Support Analytics Pack,support_analytics_pack_packet.v1,A0,P0
customer-service,"Customer Service, Support Operations, and Contact Center Quality",Contact Center Operations,SK-CUSTOMER-SERVICE-WORKFORCE-SCHEDULE-EXCEPTION,customer-service-workforce-schedule-exception,Workforce Schedule Exception,workforce_schedule_exception_packet.v1,A0,P0
people,"Human Resources, Talent, Workforce Administration, and Learning",Talent Acquisition Operations,SK-PEOPLE-REQUISITION-QUALITY-REVIEW,people-requisition-quality-review,Requisition Quality Review,requisition_quality_review_packet.v1,A0,P0
people,"Human Resources, Talent, Workforce Administration, and Learning",Talent Acquisition Operations,SK-PEOPLE-CANDIDATE-SCREENING-PREPARATION,people-candidate-screening-preparation,Candidate Screening Preparation,candidate_screening_preparation_packet.v1,A0,P0
people,"Human Resources, Talent, Workforce Administration, and Learning",Talent Acquisition Operations,SK-PEOPLE-INTERVIEW-COORDINATION-READINESS,people-interview-coordination-readiness,Interview Coordination Readiness,interview_coordination_readiness_packet.v1,A0,P0
people,"Human Resources, Talent, Workforce Administration, and Learning",Talent Acquisition Operations,SK-PEOPLE-OFFER-APPROVAL-PREPARATION,people-offer-approval-preparation,Offer Approval Preparation,offer_approval_preparation_packet.v1,A0,P0
people,"Human Resources, Talent, Workforce Administration, and Learning",Employee Lifecycle Operations,SK-PEOPLE-ONBOARDING-READINESS-ASSESSMENT,people-onboarding-readiness-assessment,Onboarding Readiness Assessment,onboarding_readiness_assessment_packet.v1,A0,P0
people,"Human Resources, Talent, Workforce Administration, and Learning",Payroll and Time Administration,SK-PEOPLE-PAYROLL-EXCEPTION-TRIAGE,people-payroll-exception-triage,Payroll Exception Triage,payroll_exception_triage_packet.v1,A0,P2
people,"Human Resources, Talent, Workforce Administration, and Learning",Payroll and Time Administration,SK-PEOPLE-TIME-ATTENDANCE-EXCEPTION,people-time-attendance-exception,Time Attendance Exception,time_attendance_exception_packet.v1,A0,P0
people,"Human Resources, Talent, Workforce Administration, and Learning",Employee Lifecycle Operations,SK-PEOPLE-LEAVE-CASE-PREPARATION,people-leave-case-preparation,Leave Case Preparation,leave_case_preparation_packet.v1,A0,P0
people,"Human Resources, Talent, Workforce Administration, and Learning",Employee Lifecycle Operations,SK-PEOPLE-BENEFITS-ENROLLMENT-READINESS,people-benefits-enrollment-readiness,Benefits Enrollment Readiness,benefits_enrollment_readiness_packet.v1,A0,P0
people,"Human Resources, Talent, Workforce Administration, and Learning",Learning and Capability Development,SK-PEOPLE-LEARNING-NEEDS-ANALYSIS,people-learning-needs-analysis,Learning Needs Analysis,learning_needs_analysis_packet.v1,A0,P0
people,"Human Resources, Talent, Workforce Administration, and Learning",Learning and Capability Development,SK-PEOPLE-SKILL-PROFILE-QUALITY-CHECK,people-skill-profile-quality-check,Skill Profile Quality Check,skill_profile_quality_check_packet.v1,A0,P0
people,"Human Resources, Talent, Workforce Administration, and Learning",Performance and Talent Growth,SK-PEOPLE-PERFORMANCE-CHECKIN-PREPARATION,people-performance-checkin-preparation,Performance Checkin Preparation,performance_checkin_preparation_packet.v1,A0,P0
people,"Human Resources, Talent, Workforce Administration, and Learning",Performance and Talent Growth,SK-PEOPLE-SUCCESSION-RISK-EVIDENCE,people-succession-risk-evidence,Succession Risk Evidence,succession_risk_evidence_packet.v1,A0,P1
people,"Human Resources, Talent, Workforce Administration, and Learning",Workforce Planning,SK-PEOPLE-WORKFORCE-PLAN-VARIANCE,people-workforce-plan-variance,Workforce Plan Variance,workforce_plan_variance_packet.v1,A0,P0
people,"Human Resources, Talent, Workforce Administration, and Learning",Employee Lifecycle Operations,SK-PEOPLE-MOBILITY-CASE-READINESS,people-mobility-case-readiness,Mobility Case Readiness,mobility_case_readiness_packet.v1,A0,P0
people,"Human Resources, Talent, Workforce Administration, and Learning",Contingent Workforce Operations,SK-PEOPLE-CONTINGENT-WORKER-COMPLIANCE,people-contingent-worker-compliance,Contingent Worker Compliance,contingent_worker_compliance_packet.v1,A0,P0
people,"Human Resources, Talent, Workforce Administration, and Learning",Workforce Planning,SK-PEOPLE-HEADCOUNT-CONTROL-CHECK,people-headcount-control-check,Headcount Control Check,headcount_control_check_packet.v1,A0,P0
people,"Human Resources, Talent, Workforce Administration, and Learning",Employee Relations and Ethics,SK-PEOPLE-EMPLOYEE-RELATIONS-EVIDENCE,people-employee-relations-evidence,Employee Relations Evidence,employee_relations_evidence_packet.v1,A0,P0
people,"Human Resources, Talent, Workforce Administration, and Learning",People Governance,SK-PEOPLE-PEOPLE-POLICY-QUERY-TRIAGE,people-people-policy-query-triage,People Policy Query Triage,people_policy_query_triage_packet.v1,A0,P2
people,"Human Resources, Talent, Workforce Administration, and Learning",Employee Lifecycle Operations,SK-PEOPLE-ACCOMMODATION-HANDOFF-PREPARATION,people-accommodation-handoff-preparation,Accommodation Handoff Preparation,accommodation_handoff_preparation_packet.v1,A0,P0
people,"Human Resources, Talent, Workforce Administration, and Learning",Employee Lifecycle Operations,SK-PEOPLE-EXIT-READINESS-CHECK,people-exit-readiness-check,Exit Readiness Check,exit_readiness_check_packet.v1,A0,P0
people,"Human Resources, Talent, Workforce Administration, and Learning",Performance and Talent Growth,SK-PEOPLE-ENGAGEMENT-TREND-SYNTHESIS,people-engagement-trend-synthesis,Engagement Trend Synthesis,engagement_trend_synthesis_packet.v1,A0,P0
people,"Human Resources, Talent, Workforce Administration, and Learning",People Governance,SK-PEOPLE-DEI-METRIC-EVIDENCE,people-dei-metric-evidence,Dei Metric Evidence,dei_metric_evidence_packet.v1,A0,P0
people,"Human Resources, Talent, Workforce Administration, and Learning",People Governance,SK-PEOPLE-HR-DATA-QUALITY-REMEDIATION,people-hr-data-quality-remediation,Hr Data Quality Remediation,hr_data_quality_remediation_packet.v1,A1,P0
people,"Human Resources, Talent, Workforce Administration, and Learning",People Governance,SK-PEOPLE-ETHICS-TRAINING-COMPLETION-REVIEW,people-ethics-training-completion-review,Ethics Training Completion Review,ethics_training_completion_review_packet.v1,A0,P0
legal-risk,"Legal Operations, Privacy, Ethics, Regulatory Compliance, and Enterprise Risk",Contract Operations,SK-LEGAL-RISK-CONTRACT-INTAKE-CLASSIFICATION,legal-risk-contract-intake-classification,Contract Intake Classification,contract_intake_classification_packet.v1,A0,P1
legal-risk,"Legal Operations, Privacy, Ethics, Regulatory Compliance, and Enterprise Risk",Contract Operations,SK-LEGAL-RISK-CLAUSE-VARIANCE-ANALYSIS,legal-risk-clause-variance-analysis,Clause Variance Analysis,clause_variance_analysis_packet.v1,A0,P0
legal-risk,"Legal Operations, Privacy, Ethics, Regulatory Compliance, and Enterprise Risk",Contract Operations,SK-LEGAL-RISK-OBLIGATION-EXTRACTION,legal-risk-obligation-extraction,Obligation Extraction,obligation_extraction_packet.v1,A0,P0
legal-risk,"Legal Operations, Privacy, Ethics, Regulatory Compliance, and Enterprise Risk",Legal Matter Operations,SK-LEGAL-RISK-LEGAL-HOLD-READINESS,legal-risk-legal-hold-readiness,Legal Hold Readiness,legal_hold_readiness_packet.v1,A0,P0
legal-risk,"Legal Operations, Privacy, Ethics, Regulatory Compliance, and Enterprise Risk",Legal Matter Operations,SK-LEGAL-RISK-LITIGATION-EVIDENCE-COMPILATION,legal-risk-litigation-evidence-compilation,Litigation Evidence Compilation,litigation_evidence_compilation_packet.v1,A0,P0
legal-risk,"Legal Operations, Privacy, Ethics, Regulatory Compliance, and Enterprise Risk",Intellectual Property Operations,SK-LEGAL-RISK-IP-DOCKET-READINESS,legal-risk-ip-docket-readiness,Ip Docket Readiness,ip_docket_readiness_packet.v1,A0,P0
legal-risk,"Legal Operations, Privacy, Ethics, Regulatory Compliance, and Enterprise Risk",Privacy Operations,SK-LEGAL-RISK-PRIVACY-REQUEST-INTAKE,legal-risk-privacy-request-intake,Privacy Request Intake,privacy_request_intake_packet.v1,A1,P0
legal-risk,"Legal Operations, Privacy, Ethics, Regulatory Compliance, and Enterprise Risk",Privacy Operations,SK-LEGAL-RISK-DPIA-PREPARATION,legal-risk-dpia-preparation,Dpia Preparation,dpia_preparation_packet.v1,A0,P1
legal-risk,"Legal Operations, Privacy, Ethics, Regulatory Compliance, and Enterprise Risk",Privacy Operations,SK-LEGAL-RISK-CONSENT-REGISTER-QUALITY-CHECK,legal-risk-consent-register-quality-check,Consent Register Quality Check,consent_register_quality_check_packet.v1,A0,P0
legal-risk,"Legal Operations, Privacy, Ethics, Regulatory Compliance, and Enterprise Risk",Information Governance,SK-LEGAL-RISK-RECORDS-RETENTION-REVIEW,legal-risk-records-retention-review,Records Retention Review,records_retention_review_packet.v1,A0,P0
legal-risk,"Legal Operations, Privacy, Ethics, Regulatory Compliance, and Enterprise Risk",Compliance Governance,SK-LEGAL-RISK-POLICY-CHANGE-IMPACT-ANALYSIS,legal-risk-policy-change-impact-analysis,Policy Change Impact Analysis,policy_change_impact_analysis_packet.v1,A0,P0
legal-risk,"Legal Operations, Privacy, Ethics, Regulatory Compliance, and Enterprise Risk",Regulatory Intelligence,SK-LEGAL-RISK-REGULATORY-HORIZON-SCAN,legal-risk-regulatory-horizon-scan,Regulatory Horizon Scan,regulatory_horizon_scan_packet.v1,A0,P1
legal-risk,"Legal Operations, Privacy, Ethics, Regulatory Compliance, and Enterprise Risk",Compliance Assurance,SK-LEGAL-RISK-CONTROL-TEST-EVIDENCE,legal-risk-control-test-evidence,Control Test Evidence,control_test_evidence_packet.v1,A0,P0
legal-risk,"Legal Operations, Privacy, Ethics, Regulatory Compliance, and Enterprise Risk",Compliance Assurance,SK-LEGAL-RISK-ISSUE-TRIAGE,legal-risk-issue-triage,Issue Triage,issue_triage_packet.v1,A0,P2
legal-risk,"Legal Operations, Privacy, Ethics, Regulatory Compliance, and Enterprise Risk",Enterprise Risk Management,SK-LEGAL-RISK-ENTERPRISE-RISK-ASSESSMENT-PREP,legal-risk-enterprise-risk-assessment-prep,Enterprise Risk Assessment Prep,enterprise_risk_assessment_prep_packet.v1,A0,P1
legal-risk,"Legal Operations, Privacy, Ethics, Regulatory Compliance, and Enterprise Risk",Compliance Assurance,SK-LEGAL-RISK-AUDIT-FINDING-REMEDIATION,legal-risk-audit-finding-remediation,Audit Finding Remediation,audit_finding_remediation_packet.v1,A0,P1
legal-risk,"Legal Operations, Privacy, Ethics, Regulatory Compliance, and Enterprise Risk",Compliance Governance,SK-LEGAL-RISK-COMPLIANCE-TRAINING-EXCEPTION,legal-risk-compliance-training-exception,Compliance Training Exception,compliance_training_exception_packet.v1,A0,P0
legal-risk,"Legal Operations, Privacy, Ethics, Regulatory Compliance, and Enterprise Risk",Financial Crime Compliance,SK-LEGAL-RISK-SANCTIONS-SCREENING-CASE-PREP,legal-risk-sanctions-screening-case-prep,Sanctions Screening Case Prep,sanctions_screening_case_prep_packet.v1,A0,P0
legal-risk,"Legal Operations, Privacy, Ethics, Regulatory Compliance, and Enterprise Risk",Financial Crime Compliance,SK-LEGAL-RISK-AML-CASE-EVIDENCE-PREP,legal-risk-aml-case-evidence-prep,Aml Case Evidence Prep,aml_case_evidence_prep_packet.v1,A0,P0
legal-risk,"Legal Operations, Privacy, Ethics, Regulatory Compliance, and Enterprise Risk",Ethics and Conduct,SK-LEGAL-RISK-CONFLICT-OF-INTEREST-REVIEW,legal-risk-conflict-of-interest-review,Conflict Of Interest Review,conflict_of_interest_review_packet.v1,A0,P0
legal-risk,"Legal Operations, Privacy, Ethics, Regulatory Compliance, and Enterprise Risk",Ethics and Conduct,SK-LEGAL-RISK-GIFTS-HOSPITALITY-REVIEW,legal-risk-gifts-hospitality-review,Gifts Hospitality Review,gifts_hospitality_review_packet.v1,A0,P0
legal-risk,"Legal Operations, Privacy, Ethics, Regulatory Compliance, and Enterprise Risk",Ethics and Conduct,SK-LEGAL-RISK-ETHICS-ALLEGATION-INTAKE,legal-risk-ethics-allegation-intake,Ethics Allegation Intake,ethics_allegation_intake_packet.v1,A1,P0
legal-risk,"Legal Operations, Privacy, Ethics, Regulatory Compliance, and Enterprise Risk",Corporate Governance,SK-LEGAL-RISK-BOARD-GOVERNANCE-PACK,legal-risk-board-governance-pack,Board Governance Pack,board_governance_pack_packet.v1,A0,P0
legal-risk,"Legal Operations, Privacy, Ethics, Regulatory Compliance, and Enterprise Risk",Risk Transfer Operations,SK-LEGAL-RISK-INSURANCE-CLAIM-EVIDENCE,legal-risk-insurance-claim-evidence,Insurance Claim Evidence,insurance_claim_evidence_packet.v1,A0,P0
legal-risk,"Legal Operations, Privacy, Ethics, Regulatory Compliance, and Enterprise Risk",Legal Matter Operations,SK-LEGAL-RISK-CRISIS-LEGAL-COORDINATION,legal-risk-crisis-legal-coordination,Crisis Legal Coordination,crisis_legal_coordination_packet.v1,A0,P2
operations,"Supply Chain, Manufacturing, Quality, Field Operations, and Asset Management",Planning and S&OP,SK-OPERATIONS-DEMAND-FORECAST-EXCEPTION,operations-demand-forecast-exception,Demand Forecast Exception,demand_forecast_exception_packet.v1,A0,P0
operations,"Supply Chain, Manufacturing, Quality, Field Operations, and Asset Management",Inventory and Warehouse Operations,SK-OPERATIONS-INVENTORY-HEALTH-REVIEW,operations-inventory-health-review,Inventory Health Review,inventory_health_review_packet.v1,A0,P1
operations,"Supply Chain, Manufacturing, Quality, Field Operations, and Asset Management",Inventory and Warehouse Operations,SK-OPERATIONS-STOCKOUT-RISK-MONITORING,operations-stockout-risk-monitoring,Stockout Risk Monitoring,stockout_risk_monitoring_packet.v1,A0,P1
operations,"Supply Chain, Manufacturing, Quality, Field Operations, and Asset Management",Logistics and Order Fulfillment,SK-OPERATIONS-SUPPLIER-ETA-EXCEPTION,operations-supplier-eta-exception,Supplier Eta Exception,supplier_eta_exception_packet.v1,A0,P2
operations,"Supply Chain, Manufacturing, Quality, Field Operations, and Asset Management",Logistics and Order Fulfillment,SK-OPERATIONS-ORDER-PROMISE-READINESS,operations-order-promise-readiness,Order Promise Readiness,order_promise_readiness_packet.v1,A0,P0
operations,"Supply Chain, Manufacturing, Quality, Field Operations, and Asset Management",Logistics and Order Fulfillment,SK-OPERATIONS-LOGISTICS-DISRUPTION-CASE,operations-logistics-disruption-case,Logistics Disruption Case,logistics_disruption_case_packet.v1,A0,P0
operations,"Supply Chain, Manufacturing, Quality, Field Operations, and Asset Management",Trade and Logistics Compliance,SK-OPERATIONS-CUSTOMS-DOCUMENT-READINESS,operations-customs-document-readiness,Customs Document Readiness,customs_document_readiness_packet.v1,A0,P0
operations,"Supply Chain, Manufacturing, Quality, Field Operations, and Asset Management",Inventory and Warehouse Operations,SK-OPERATIONS-WAREHOUSE-EXCEPTION-TRIAGE,operations-warehouse-exception-triage,Warehouse Exception Triage,warehouse_exception_triage_packet.v1,A0,P2
operations,"Supply Chain, Manufacturing, Quality, Field Operations, and Asset Management",Quality Management,SK-OPERATIONS-QUALITY-DEVIATION-INTAKE,operations-quality-deviation-intake,Quality Deviation Intake,quality_deviation_intake_packet.v1,A0,P0
operations,"Supply Chain, Manufacturing, Quality, Field Operations, and Asset Management",Quality Management,SK-OPERATIONS-NONCONFORMANCE-EVIDENCE-PACK,operations-nonconformance-evidence-pack,Nonconformance Evidence Pack,nonconformance_evidence_pack_packet.v1,A0,P0
operations,"Supply Chain, Manufacturing, Quality, Field Operations, and Asset Management",Quality Management,SK-OPERATIONS-CORRECTIVE-ACTION-VERIFICATION,operations-corrective-action-verification,Corrective Action Verification,corrective_action_verification_packet.v1,A0,P0
operations,"Supply Chain, Manufacturing, Quality, Field Operations, and Asset Management",Production Operations,SK-OPERATIONS-PRODUCTION-SCHEDULE-EXCEPTION,operations-production-schedule-exception,Production Schedule Exception,production_schedule_exception_packet.v1,A0,P0
operations,"Supply Chain, Manufacturing, Quality, Field Operations, and Asset Management",Maintenance and Reliability,SK-OPERATIONS-MAINTENANCE-PLAN-READINESS,operations-maintenance-plan-readiness,Maintenance Plan Readiness,maintenance_plan_readiness_packet.v1,A0,P0
operations,"Supply Chain, Manufacturing, Quality, Field Operations, and Asset Management",Maintenance and Reliability,SK-OPERATIONS-ASSET-HEALTH-EVIDENCE,operations-asset-health-evidence,Asset Health Evidence,asset_health_evidence_packet.v1,A0,P1
operations,"Supply Chain, Manufacturing, Quality, Field Operations, and Asset Management",Field Operations,SK-OPERATIONS-FIELD-SERVICE-READINESS,operations-field-service-readiness,Field Service Readiness,field_service_readiness_packet.v1,A0,P0
operations,"Supply Chain, Manufacturing, Quality, Field Operations, and Asset Management",Maintenance and Reliability,SK-OPERATIONS-WORK-ORDER-QUALITY-CHECK,operations-work-order-quality-check,Work Order Quality Check,work_order_quality_check_packet.v1,A0,P0
operations,"Supply Chain, Manufacturing, Quality, Field Operations, and Asset Management",Safety and Operational Risk,SK-OPERATIONS-SAFETY-OBSERVATION-TRIAGE,operations-safety-observation-triage,Safety Observation Triage,safety_observation_triage_packet.v1,A0,P2
operations,"Supply Chain, Manufacturing, Quality, Field Operations, and Asset Management",Safety and Operational Risk,SK-OPERATIONS-EHS-INCIDENT-EVIDENCE,operations-ehs-incident-evidence,Ehs Incident Evidence,ehs_incident_evidence_packet.v1,A0,P2
operations,"Supply Chain, Manufacturing, Quality, Field Operations, and Asset Management",Operational Performance,SK-OPERATIONS-ENERGY-CONSUMPTION-VARIANCE,operations-energy-consumption-variance,Energy Consumption Variance,energy_consumption_variance_packet.v1,A0,P0
operations,"Supply Chain, Manufacturing, Quality, Field Operations, and Asset Management",Logistics and Order Fulfillment,SK-OPERATIONS-RETURN-MATERIAL-AUTHORIZATION-PREP,operations-return-material-authorization-prep,Return Material Authorization Prep,return_material_authorization_prep_packet.v1,A0,P0
operations,"Supply Chain, Manufacturing, Quality, Field Operations, and Asset Management",Quality Management,SK-OPERATIONS-PRODUCT-RECALL-READINESS,operations-product-recall-readiness,Product Recall Readiness,product_recall_readiness_packet.v1,A0,P0
operations,"Supply Chain, Manufacturing, Quality, Field Operations, and Asset Management",Planning and S&OP,SK-OPERATIONS-CAPACITY-CONSTRAINT-ANALYSIS,operations-capacity-constraint-analysis,Capacity Constraint Analysis,capacity_constraint_analysis_packet.v1,A0,P0
operations,"Supply Chain, Manufacturing, Quality, Field Operations, and Asset Management",Planning and S&OP,SK-OPERATIONS-SOP-CYCLE-READINESS,operations-sop-cycle-readiness,Sop Cycle Readiness,sop_cycle_readiness_packet.v1,A0,P0
operations,"Supply Chain, Manufacturing, Quality, Field Operations, and Asset Management",Operational Data Governance,SK-OPERATIONS-OPERATIONS-MASTER-DATA-REVIEW,operations-operations-master-data-review,Operations Master Data Review,operations_master_data_review_packet.v1,A0,P0
operations,"Supply Chain, Manufacturing, Quality, Field Operations, and Asset Management",Responsible Operations,SK-OPERATIONS-TRACEABILITY-EVIDENCE-PACK,operations-traceability-evidence-pack,Traceability Evidence Pack,traceability_evidence_pack_packet.v1,A0,P0
it,"IT Service Management, Enterprise Architecture, Cloud, Application Portfolio, and FinOps",IT Service Operations,SK-IT-SERVICE-REQUEST-CLASSIFICATION,it-service-request-classification,Service Request Classification,service_request_classification_packet.v1,A1,P0
it,"IT Service Management, Enterprise Architecture, Cloud, Application Portfolio, and FinOps",IT Service Operations,SK-IT-INCIDENT-TRIAGE-PREPARATION,it-incident-triage-preparation,Incident Triage Preparation,incident_triage_preparation_packet.v1,A0,P2
it,"IT Service Management, Enterprise Architecture, Cloud, Application Portfolio, and FinOps",IT Service Operations,SK-IT-PROBLEM-ROOT-CAUSE-EVIDENCE,it-problem-root-cause-evidence,Problem Root Cause Evidence,problem_root_cause_evidence_packet.v1,A0,P0
it,"IT Service Management, Enterprise Architecture, Cloud, Application Portfolio, and FinOps",Change and Release Governance,SK-IT-CHANGE-REVIEW-READINESS,it-change-review-readiness,Change Review Readiness,change_review_readiness_packet.v1,A0,P1
it,"IT Service Management, Enterprise Architecture, Cloud, Application Portfolio, and FinOps",Technology Data Governance,SK-IT-CMDB-QUALITY-ASSESSMENT,it-cmdb-quality-assessment,Cmdb Quality Assessment,cmdb_quality_assessment_packet.v1,A0,P0
it,"IT Service Management, Enterprise Architecture, Cloud, Application Portfolio, and FinOps",Technology Asset and Vendor Management,SK-IT-SOFTWARE-ASSET-LICENSE-REVIEW,it-software-asset-license-review,Software Asset License Review,software_asset_license_review_packet.v1,A0,P0
it,"IT Service Management, Enterprise Architecture, Cloud, Application Portfolio, and FinOps",Enterprise Architecture and Portfolio,SK-IT-APPLICATION-PORTFOLIO-ASSESSMENT,it-application-portfolio-assessment,Application Portfolio Assessment,application_portfolio_assessment_packet.v1,A0,P1
it,"IT Service Management, Enterprise Architecture, Cloud, Application Portfolio, and FinOps",Enterprise Architecture and Portfolio,SK-IT-ARCHITECTURE-DECISION-PACK,it-architecture-decision-pack,Architecture Decision Pack,architecture_decision_pack_packet.v1,A0,P0
it,"IT Service Management, Enterprise Architecture, Cloud, Application Portfolio, and FinOps",Cloud and FinOps Operations,SK-IT-CLOUD-COST-ANOMALY-REVIEW,it-cloud-cost-anomaly-review,Cloud Cost Anomaly Review,cloud_cost_anomaly_review_packet.v1,A0,P1
it,"IT Service Management, Enterprise Architecture, Cloud, Application Portfolio, and FinOps",Cloud and FinOps Operations,SK-IT-CLOUD-TAGGING-QUALITY-CHECK,it-cloud-tagging-quality-check,Cloud Tagging Quality Check,cloud_tagging_quality_check_packet.v1,A0,P0
it,"IT Service Management, Enterprise Architecture, Cloud, Application Portfolio, and FinOps",Cloud and FinOps Operations,SK-IT-FINOPS-COMMITMENT-ANALYSIS,it-finops-commitment-analysis,Finops Commitment Analysis,finops_commitment_analysis_packet.v1,A0,P0
it,"IT Service Management, Enterprise Architecture, Cloud, Application Portfolio, and FinOps",Cloud and Platform Operations,SK-IT-CAPACITY-RISK-MONITORING,it-capacity-risk-monitoring,Capacity Risk Monitoring,capacity_risk_monitoring_packet.v1,A0,P1
it,"IT Service Management, Enterprise Architecture, Cloud, Application Portfolio, and FinOps",IT Service Operations,SK-IT-SERVICE-LEVEL-EVIDENCE,it-service-level-evidence,Service Level Evidence,service_level_evidence_packet.v1,A0,P2
it,"IT Service Management, Enterprise Architecture, Cloud, Application Portfolio, and FinOps",Resilience and Recovery,SK-IT-BACKUP-RESTORE-READINESS,it-backup-restore-readiness,Backup Restore Readiness,backup_restore_readiness_packet.v1,A0,P0
it,"IT Service Management, Enterprise Architecture, Cloud, Application Portfolio, and FinOps",Resilience and Recovery,SK-IT-DISASTER-RECOVERY-PLAN-REVIEW,it-disaster-recovery-plan-review,Disaster Recovery Plan Review,disaster_recovery_plan_review_packet.v1,A0,P0
it,"IT Service Management, Enterprise Architecture, Cloud, Application Portfolio, and FinOps",Cloud and Platform Operations,SK-IT-OBSERVABILITY-HEALTH-REVIEW,it-observability-health-review,Observability Health Review,observability_health_review_packet.v1,A0,P1
it,"IT Service Management, Enterprise Architecture, Cloud, Application Portfolio, and FinOps",Cloud and Platform Operations,SK-IT-ALERT-NOISE-ANALYSIS,it-alert-noise-analysis,Alert Noise Analysis,alert_noise_analysis_packet.v1,A0,P1
it,"IT Service Management, Enterprise Architecture, Cloud, Application Portfolio, and FinOps",Digital Workplace and Access,SK-IT-ACCESS-REQUEST-PRECHECK,it-access-request-precheck,Access Request Precheck,access_request_precheck_packet.v1,A0,P0
it,"IT Service Management, Enterprise Architecture, Cloud, Application Portfolio, and FinOps",Digital Workplace and Access,SK-IT-DIGITAL-WORKPLACE-EXPERIENCE,it-digital-workplace-experience,Digital Workplace Experience,digital_workplace_experience_packet.v1,A0,P0
it,"IT Service Management, Enterprise Architecture, Cloud, Application Portfolio, and FinOps",Technology Asset and Vendor Management,SK-IT-TECHNOLOGY-VENDOR-RISK-REVIEW,it-technology-vendor-risk-review,Technology Vendor Risk Review,technology_vendor_risk_review_packet.v1,A0,P1
it,"IT Service Management, Enterprise Architecture, Cloud, Application Portfolio, and FinOps",Enterprise Architecture and Portfolio,SK-IT-INTEGRATION-INTERFACE-ASSESSMENT,it-integration-interface-assessment,Integration Interface Assessment,integration_interface_assessment_packet.v1,A0,P1
it,"IT Service Management, Enterprise Architecture, Cloud, Application Portfolio, and FinOps",Infrastructure Operations,SK-IT-DATA-CENTER-OPERATIONS-REVIEW,it-data-center-operations-review,Data Center Operations Review,data_center_operations_review_packet.v1,A0,P1
it,"IT Service Management, Enterprise Architecture, Cloud, Application Portfolio, and FinOps",Infrastructure Operations,SK-IT-PATCH-COMPLIANCE-EVIDENCE,it-patch-compliance-evidence,Patch Compliance Evidence,patch_compliance_evidence_packet.v1,A0,P0
it,"IT Service Management, Enterprise Architecture, Cloud, Application Portfolio, and FinOps",Enterprise Architecture and Portfolio,SK-IT-TECHNOLOGY-ROADMAP-SYNTHESIS,it-technology-roadmap-synthesis,Technology Roadmap Synthesis,technology_roadmap_synthesis_packet.v1,A0,P1
it,"IT Service Management, Enterprise Architecture, Cloud, Application Portfolio, and FinOps",IT Financial Management,SK-IT-IT-FINANCIAL-PLAN-SUPPORT,it-it-financial-plan-support,It Financial Plan Support,it_financial_plan_support_packet.v1,A0,P0
engineering,"Software Engineering, Platform Engineering, DevSecOps, Testing, and Release Management",Product Delivery Planning,SK-ENGINEERING-REQUIREMENTS-TRACEABILITY-REVIEW,engineering-requirements-traceability-review,Requirements Traceability Review,requirements_traceability_review_packet.v1,A0,P0
engineering,"Software Engineering, Platform Engineering, DevSecOps, Testing, and Release Management",Technical Design and Architecture,SK-ENGINEERING-ARCHITECTURE-DECISION-RECORD,engineering-architecture-decision-record,Architecture Decision Record,architecture_decision_record_packet.v1,A0,P0
engineering,"Software Engineering, Platform Engineering, DevSecOps, Testing, and Release Management",Product Delivery Planning,SK-ENGINEERING-BACKLOG-REFINEMENT-SUPPORT,engineering-backlog-refinement-support,Backlog Refinement Support,backlog_refinement_support_packet.v1,A0,P1
engineering,"Software Engineering, Platform Engineering, DevSecOps, Testing, and Release Management",Engineering Intelligence,SK-ENGINEERING-CODEBASE-EXPLORATION-BRIEF,engineering-codebase-exploration-brief,Codebase Exploration Brief,codebase_exploration_brief_packet.v1,A1,P0
engineering,"Software Engineering, Platform Engineering, DevSecOps, Testing, and Release Management",Quality Engineering,SK-ENGINEERING-TEST-PLAN-DESIGN,engineering-test-plan-design,Test Plan Design,test_plan_design_packet.v1,A1,P1
engineering,"Software Engineering, Platform Engineering, DevSecOps, Testing, and Release Management",Quality Engineering,SK-ENGINEERING-TEST-FAILURE-TRIAGE,engineering-test-failure-triage,Test Failure Triage,test_failure_triage_packet.v1,A0,P2
engineering,"Software Engineering, Platform Engineering, DevSecOps, Testing, and Release Management",Secure Code Delivery,SK-ENGINEERING-CODE-REVIEW-PREPARATION,engineering-code-review-preparation,Code Review Preparation,code_review_preparation_packet.v1,A0,P1
engineering,"Software Engineering, Platform Engineering, DevSecOps, Testing, and Release Management",Secure Code Delivery,SK-ENGINEERING-DEPENDENCY-UPDATE-ASSESSMENT,engineering-dependency-update-assessment,Dependency Update Assessment,dependency_update_assessment_packet.v1,A0,P0
engineering,"Software Engineering, Platform Engineering, DevSecOps, Testing, and Release Management",Release Management,SK-ENGINEERING-RELEASE-READINESS-GATE,engineering-release-readiness-gate,Release Readiness Gate,release_readiness_gate_packet.v1,A0,P0
engineering,"Software Engineering, Platform Engineering, DevSecOps, Testing, and Release Management",Platform Engineering,SK-ENGINEERING-CI-PIPELINE-FAILURE-ANALYSIS,engineering-ci-pipeline-failure-analysis,Ci Pipeline Failure Analysis,ci_pipeline_failure_analysis_packet.v1,A0,P0
engineering,"Software Engineering, Platform Engineering, DevSecOps, Testing, and Release Management",Developer Experience,SK-ENGINEERING-DEVELOPER-ENVIRONMENT-READINESS,engineering-developer-environment-readiness,Developer Environment Readiness,developer_environment_readiness_packet.v1,A0,P0
engineering,"Software Engineering, Platform Engineering, DevSecOps, Testing, and Release Management",Technical Design and Architecture,SK-ENGINEERING-API-CONTRACT-REVIEW,engineering-api-contract-review,Api Contract Review,api_contract_review_packet.v1,A0,P0
engineering,"Software Engineering, Platform Engineering, DevSecOps, Testing, and Release Management",Technical Design and Architecture,SK-ENGINEERING-DATABASE-MIGRATION-READINESS,engineering-database-migration-readiness,Database Migration Readiness,database_migration_readiness_packet.v1,A0,P0
engineering,"Software Engineering, Platform Engineering, DevSecOps, Testing, and Release Management",Quality Engineering,SK-ENGINEERING-PERFORMANCE-REGRESSION-ANALYSIS,engineering-performance-regression-analysis,Performance Regression Analysis,performance_regression_analysis_packet.v1,A0,P0
engineering,"Software Engineering, Platform Engineering, DevSecOps, Testing, and Release Management",Quality Engineering,SK-ENGINEERING-ACCESSIBILITY-QUALITY-REVIEW,engineering-accessibility-quality-review,Accessibility Quality Review,accessibility_quality_review_packet.v1,A0,P0
engineering,"Software Engineering, Platform Engineering, DevSecOps, Testing, and Release Management",Engineering Intelligence,SK-ENGINEERING-TECHNICAL-DEBT-PRIORITIZATION,engineering-technical-debt-prioritization,Technical Debt Prioritization,technical_debt_prioritization_packet.v1,A0,P1
engineering,"Software Engineering, Platform Engineering, DevSecOps, Testing, and Release Management",Developer Experience,SK-ENGINEERING-DOCUMENTATION-COVERAGE-REVIEW,engineering-documentation-coverage-review,Documentation Coverage Review,documentation_coverage_review_packet.v1,A0,P0
engineering,"Software Engineering, Platform Engineering, DevSecOps, Testing, and Release Management",Secure Code Delivery,SK-ENGINEERING-OPEN-SOURCE-COMPLIANCE-PREP,engineering-open-source-compliance-prep,Open Source Compliance Prep,open_source_compliance_prep_packet.v1,A0,P0
engineering,"Software Engineering, Platform Engineering, DevSecOps, Testing, and Release Management",Product Delivery Planning,SK-ENGINEERING-ISSUE-BACKLOG-HEALTH,engineering-issue-backlog-health,Issue Backlog Health,issue_backlog_health_packet.v1,A0,P0
engineering,"Software Engineering, Platform Engineering, DevSecOps, Testing, and Release Management",Platform Engineering,SK-ENGINEERING-OBSERVABILITY-INSTRUMENTATION-REVIEW,engineering-observability-instrumentation-review,Observability Instrumentation Review,observability_instrumentation_review_packet.v1,A0,P1
engineering,"Software Engineering, Platform Engineering, DevSecOps, Testing, and Release Management",Release Management,SK-ENGINEERING-FEATURE-FLAG-READINESS,engineering-feature-flag-readiness,Feature Flag Readiness,feature_flag_readiness_packet.v1,A0,P0
engineering,"Software Engineering, Platform Engineering, DevSecOps, Testing, and Release Management",Engineering Intelligence,SK-ENGINEERING-INCIDENT-POSTMORTEM-PREPARATION,engineering-incident-postmortem-preparation,Incident Postmortem Preparation,incident_postmortem_preparation_packet.v1,A0,P2
engineering,"Software Engineering, Platform Engineering, DevSecOps, Testing, and Release Management",Quality Engineering,SK-ENGINEERING-MOBILE-QUALITY-READINESS,engineering-mobile-quality-readiness,Mobile Quality Readiness,mobile_quality_readiness_packet.v1,A0,P0
engineering,"Software Engineering, Platform Engineering, DevSecOps, Testing, and Release Management",Release Management,SK-ENGINEERING-RELEASE-NOTES-PREPARATION,engineering-release-notes-preparation,Release Notes Preparation,release_notes_preparation_packet.v1,A1,P0
engineering,"Software Engineering, Platform Engineering, DevSecOps, Testing, and Release Management",Developer Experience,SK-ENGINEERING-DEVELOPER-PRODUCTIVITY-INSIGHT,engineering-developer-productivity-insight,Developer Productivity Insight,developer_productivity_insight_packet.v1,A0,P0
cyber-resilience,"Cybersecurity, Incident Response, Resilience, EHS, and Physical Security",Security Operations,SK-CYBER-RESILIENCE-SECURITY-ALERT-TRIAGE,cyber-resilience-security-alert-triage,Security Alert Triage,security_alert_triage_packet.v1,A0,P2
cyber-resilience,"Cybersecurity, Incident Response, Resilience, EHS, and Physical Security",Threat Intelligence,SK-CYBER-RESILIENCE-THREAT-INTELLIGENCE-SYNTHESIS,cyber-resilience-threat-intelligence-synthesis,Threat Intelligence Synthesis,threat_intelligence_synthesis_packet.v1,A0,P1
cyber-resilience,"Cybersecurity, Incident Response, Resilience, EHS, and Physical Security",Vulnerability Management,SK-CYBER-RESILIENCE-VULNERABILITY-VALIDATION,cyber-resilience-vulnerability-validation,Vulnerability Validation,vulnerability_validation_packet.v1,A0,P0
cyber-resilience,"Cybersecurity, Incident Response, Resilience, EHS, and Physical Security",Identity Security,SK-CYBER-RESILIENCE-IDENTITY-ACCESS-ANOMALY,cyber-resilience-identity-access-anomaly,Identity Access Anomaly,identity_access_anomaly_packet.v1,A0,P1
cyber-resilience,"Cybersecurity, Incident Response, Resilience, EHS, and Physical Security",Security Operations,SK-CYBER-RESILIENCE-PHISHING-EVIDENCE-TRIAGE,cyber-resilience-phishing-evidence-triage,Phishing Evidence Triage,phishing_evidence_triage_packet.v1,A0,P2
cyber-resilience,"Cybersecurity, Incident Response, Resilience, EHS, and Physical Security",Endpoint Security,SK-CYBER-RESILIENCE-ENDPOINT-HEALTH-ASSESSMENT,cyber-resilience-endpoint-health-assessment,Endpoint Health Assessment,endpoint_health_assessment_packet.v1,A0,P0
cyber-resilience,"Cybersecurity, Incident Response, Resilience, EHS, and Physical Security",Cloud Security,SK-CYBER-RESILIENCE-CLOUD-CONFIGURATION-REVIEW,cyber-resilience-cloud-configuration-review,Cloud Configuration Review,cloud_configuration_review_packet.v1,A0,P0
cyber-resilience,"Cybersecurity, Incident Response, Resilience, EHS, and Physical Security",Data Protection,SK-CYBER-RESILIENCE-DATA-LOSS-CASE-PREPARATION,cyber-resilience-data-loss-case-preparation,Data Loss Case Preparation,data_loss_case_preparation_packet.v1,A0,P0
cyber-resilience,"Cybersecurity, Incident Response, Resilience, EHS, and Physical Security",Incident Response,SK-CYBER-RESILIENCE-SECURITY-INCIDENT-CASE,cyber-resilience-security-incident-case,Security Incident Case,security_incident_case_packet.v1,A0,P2
cyber-resilience,"Cybersecurity, Incident Response, Resilience, EHS, and Physical Security",Incident Response,SK-CYBER-RESILIENCE-FORENSICS-PRESERVATION-READINESS,cyber-resilience-forensics-preservation-readiness,Forensics Preservation Readiness,forensics_preservation_readiness_packet.v1,A0,P0
cyber-resilience,"Cybersecurity, Incident Response, Resilience, EHS, and Physical Security",Security Operations,SK-CYBER-RESILIENCE-SOAR-ACTION-DRAFT,cyber-resilience-soar-action-draft,Soar Action Draft,soar_action_draft_packet.v1,A1,P0
cyber-resilience,"Cybersecurity, Incident Response, Resilience, EHS, and Physical Security",Security Governance,SK-CYBER-RESILIENCE-SECURITY-AWARENESS-EXCEPTION,cyber-resilience-security-awareness-exception,Security Awareness Exception,security_awareness_exception_packet.v1,A0,P0
cyber-resilience,"Cybersecurity, Incident Response, Resilience, EHS, and Physical Security",Third-Party Cyber Risk,SK-CYBER-RESILIENCE-THIRD-PARTY-CYBER-RISK,cyber-resilience-third-party-cyber-risk,Third Party Cyber Risk,third_party_cyber_risk_packet.v1,A0,P1
cyber-resilience,"Cybersecurity, Incident Response, Resilience, EHS, and Physical Security",Data Protection,SK-CYBER-RESILIENCE-ENCRYPTION-COVERAGE-REVIEW,cyber-resilience-encryption-coverage-review,Encryption Coverage Review,encryption_coverage_review_packet.v1,A0,P0
cyber-resilience,"Cybersecurity, Incident Response, Resilience, EHS, and Physical Security",Identity Security,SK-CYBER-RESILIENCE-CERTIFICATE-LIFECYCLE-MONITORING,cyber-resilience-certificate-lifecycle-monitoring,Certificate Lifecycle Monitoring,certificate_lifecycle_monitoring_packet.v1,A0,P1
cyber-resilience,"Cybersecurity, Incident Response, Resilience, EHS, and Physical Security",Resilience and Recovery,SK-CYBER-RESILIENCE-CYBER-RESILIENCE-ASSESSMENT,cyber-resilience-cyber-resilience-assessment,Cyber Resilience Assessment,cyber_resilience_assessment_packet.v1,A0,P0
cyber-resilience,"Cybersecurity, Incident Response, Resilience, EHS, and Physical Security",Resilience and Recovery,SK-CYBER-RESILIENCE-DISASTER-RECOVERY-EXERCISE-PACK,cyber-resilience-disaster-recovery-exercise-pack,Disaster Recovery Exercise Pack,disaster_recovery_exercise_pack_packet.v1,A0,P0
cyber-resilience,"Cybersecurity, Incident Response, Resilience, EHS, and Physical Security",Crisis Management,SK-CYBER-RESILIENCE-CRISIS-COORDINATION-CASE,cyber-resilience-crisis-coordination-case,Crisis Coordination Case,crisis_coordination_case_packet.v1,A0,P2
cyber-resilience,"Cybersecurity, Incident Response, Resilience, EHS, and Physical Security",Physical Security,SK-CYBER-RESILIENCE-PHYSICAL-SECURITY-EVENT-TRIAGE,cyber-resilience-physical-security-event-triage,Physical Security Event Triage,physical_security_event_triage_packet.v1,A0,P2
cyber-resilience,"Cybersecurity, Incident Response, Resilience, EHS, and Physical Security",Physical Security,SK-CYBER-RESILIENCE-VISITOR-ACCESS-ANOMALY,cyber-resilience-visitor-access-anomaly,Visitor Access Anomaly,visitor_access_anomaly_packet.v1,A0,P1
cyber-resilience,"Cybersecurity, Incident Response, Resilience, EHS, and Physical Security",Physical Security,SK-CYBER-RESILIENCE-BADGE-ACCESS-EXCEPTION,cyber-resilience-badge-access-exception,Badge Access Exception,badge_access_exception_packet.v1,A0,P0
cyber-resilience,"Cybersecurity, Incident Response, Resilience, EHS, and Physical Security",Security Operations,SK-CYBER-RESILIENCE-FRAUD-SECURITY-COLLABORATION,cyber-resilience-fraud-security-collaboration,Fraud Security Collaboration,fraud_security_collaboration_packet.v1,A0,P0
cyber-resilience,"Cybersecurity, Incident Response, Resilience, EHS, and Physical Security",Data Protection,SK-CYBER-RESILIENCE-PRIVACY-BREACH-INTAKE,cyber-resilience-privacy-breach-intake,Privacy Breach Intake,privacy_breach_intake_packet.v1,A0,P2
cyber-resilience,"Cybersecurity, Incident Response, Resilience, EHS, and Physical Security",Security Governance,SK-CYBER-RESILIENCE-SECURITY-RISK-REGISTER-UPDATE,cyber-resilience-security-risk-register-update,Security Risk Register Update,security_risk_register_update_packet.v1,A0,P1
cyber-resilience,"Cybersecurity, Incident Response, Resilience, EHS, and Physical Security",Security Governance,SK-CYBER-RESILIENCE-COMPLIANCE-EVIDENCE-COMPILATION,cyber-resilience-compliance-evidence-compilation,Compliance Evidence Compilation,compliance_evidence_compilation_packet.v1,A0,P0
data-strategy,"Data, Analytics, AI Governance, Product, Strategy, PMO, and Sustainability",Data Operations,SK-DATA-STRATEGY-DATA-ISSUE-TRIAGE,data-strategy-data-issue-triage,Data Issue Triage,data_issue_triage_packet.v1,A0,P2
data-strategy,"Data, Analytics, AI Governance, Product, Strategy, PMO, and Sustainability",Data Operations,SK-DATA-STRATEGY-DATA-QUALITY-SCORECARD,data-strategy-data-quality-scorecard,Data Quality Scorecard,data_quality_scorecard_packet.v1,A0,P0
data-strategy,"Data, Analytics, AI Governance, Product, Strategy, PMO, and Sustainability",Data Engineering Governance,SK-DATA-STRATEGY-SCHEMA-CHANGE-IMPACT,data-strategy-schema-change-impact,Schema Change Impact,schema_change_impact_packet.v1,A0,P0
data-strategy,"Data, Analytics, AI Governance, Product, Strategy, PMO, and Sustainability",Data Engineering Governance,SK-DATA-STRATEGY-LINEAGE-EVIDENCE-PACK,data-strategy-lineage-evidence-pack,Lineage Evidence Pack,lineage_evidence_pack_packet.v1,A0,P0
data-strategy,"Data, Analytics, AI Governance, Product, Strategy, PMO, and Sustainability",Data Operations,SK-DATA-STRATEGY-MASTER-DATA-REMEDIATION,data-strategy-master-data-remediation,Master Data Remediation,master_data_remediation_packet.v1,A1,P0
data-strategy,"Data, Analytics, AI Governance, Product, Strategy, PMO, and Sustainability",Data Access Governance,SK-DATA-STRATEGY-DATA-ACCESS-REQUEST-PRECHECK,data-strategy-data-access-request-precheck,Data Access Request Precheck,data_access_request_precheck_packet.v1,A0,P0
data-strategy,"Data, Analytics, AI Governance, Product, Strategy, PMO, and Sustainability",Data Product Management,SK-DATA-STRATEGY-DATA-PRODUCT-ASSESSMENT,data-strategy-data-product-assessment,Data Product Assessment,data_product_assessment_packet.v1,A0,P0
data-strategy,"Data, Analytics, AI Governance, Product, Strategy, PMO, and Sustainability",Analytics and Decision Support,SK-DATA-STRATEGY-DASHBOARD-QUALITY-REVIEW,data-strategy-dashboard-quality-review,Dashboard Quality Review,dashboard_quality_review_packet.v1,A0,P1
data-strategy,"Data, Analytics, AI Governance, Product, Strategy, PMO, and Sustainability",Analytics and Decision Support,SK-DATA-STRATEGY-METRIC-DEFINITION-GOVERNANCE,data-strategy-metric-definition-governance,Metric Definition Governance,metric_definition_governance_packet.v1,A1,P0
data-strategy,"Data, Analytics, AI Governance, Product, Strategy, PMO, and Sustainability",Analytics and Decision Support,SK-DATA-STRATEGY-ANALYTICS-INSIGHT-SYNTHESIS,data-strategy-analytics-insight-synthesis,Analytics Insight Synthesis,analytics_insight_synthesis_packet.v1,A0,P0
data-strategy,"Data, Analytics, AI Governance, Product, Strategy, PMO, and Sustainability",AI Governance,SK-DATA-STRATEGY-MODEL-INVENTORY-QUALITY,data-strategy-model-inventory-quality,Model Inventory Quality,model_inventory_quality_packet.v1,A0,P0
data-strategy,"Data, Analytics, AI Governance, Product, Strategy, PMO, and Sustainability",AI Governance,SK-DATA-STRATEGY-MODEL-RISK-ASSESSMENT-PREP,data-strategy-model-risk-assessment-prep,Model Risk Assessment Prep,model_risk_assessment_prep_packet.v1,A0,P1
data-strategy,"Data, Analytics, AI Governance, Product, Strategy, PMO, and Sustainability",AI Governance,SK-DATA-STRATEGY-AI-USE-CASE-QUALIFICATION,data-strategy-ai-use-case-qualification,Ai Use Case Qualification,ai_use_case_qualification_packet.v1,A1,P1
data-strategy,"Data, Analytics, AI Governance, Product, Strategy, PMO, and Sustainability",AI Governance,SK-DATA-STRATEGY-PROMPT-POLICY-REVIEW,data-strategy-prompt-policy-review,Prompt Policy Review,prompt_policy_review_packet.v1,A0,P0
data-strategy,"Data, Analytics, AI Governance, Product, Strategy, PMO, and Sustainability",Knowledge Operations,SK-DATA-STRATEGY-KNOWLEDGE-REFRESH-ASSESSMENT,data-strategy-knowledge-refresh-assessment,Knowledge Refresh Assessment,knowledge_refresh_assessment_packet.v1,A0,P0
data-strategy,"Data, Analytics, AI Governance, Product, Strategy, PMO, and Sustainability",Data Access Governance,SK-DATA-STRATEGY-DATA-RETENTION-IMPACT,data-strategy-data-retention-impact,Data Retention Impact,data_retention_impact_packet.v1,A0,P0
data-strategy,"Data, Analytics, AI Governance, Product, Strategy, PMO, and Sustainability",Strategy and Portfolio Management,SK-DATA-STRATEGY-PORTFOLIO-ROADMAP-SYNTHESIS,data-strategy-portfolio-roadmap-synthesis,Portfolio Roadmap Synthesis,portfolio_roadmap_synthesis_packet.v1,A0,P0
data-strategy,"Data, Analytics, AI Governance, Product, Strategy, PMO, and Sustainability",Strategy and Portfolio Management,SK-DATA-STRATEGY-BUSINESS-CASE-PREPARATION,data-strategy-business-case-preparation,Business Case Preparation,business_case_preparation_packet.v1,A0,P1
data-strategy,"Data, Analytics, AI Governance, Product, Strategy, PMO, and Sustainability",Strategy Execution,SK-DATA-STRATEGY-OKR-PROGRESS-REVIEW,data-strategy-okr-progress-review,Okr Progress Review,okr_progress_review_packet.v1,A0,P0
data-strategy,"Data, Analytics, AI Governance, Product, Strategy, PMO, and Sustainability",PMO and Delivery Governance,SK-DATA-STRATEGY-PROGRAM-PLAN-READINESS,data-strategy-program-plan-readiness,Program Plan Readiness,program_plan_readiness_packet.v1,A0,P1
data-strategy,"Data, Analytics, AI Governance, Product, Strategy, PMO, and Sustainability",PMO and Delivery Governance,SK-DATA-STRATEGY-DEPENDENCY-RISK-ANALYSIS,data-strategy-dependency-risk-analysis,Dependency Risk Analysis,dependency_risk_analysis_packet.v1,A0,P1
data-strategy,"Data, Analytics, AI Governance, Product, Strategy, PMO, and Sustainability",Strategy Execution,SK-DATA-STRATEGY-BENEFITS-REALIZATION-EVIDENCE,data-strategy-benefits-realization-evidence,Benefits Realization Evidence,benefits_realization_evidence_packet.v1,A0,P0
data-strategy,"Data, Analytics, AI Governance, Product, Strategy, PMO, and Sustainability",Sustainability Operations,SK-DATA-STRATEGY-ESG-METRIC-EVIDENCE,data-strategy-esg-metric-evidence,Esg Metric Evidence,esg_metric_evidence_packet.v1,A0,P0
data-strategy,"Data, Analytics, AI Governance, Product, Strategy, PMO, and Sustainability",Sustainability Operations,SK-DATA-STRATEGY-CARBON-DATA-QUALITY,data-strategy-carbon-data-quality,Carbon Data Quality,carbon_data_quality_packet.v1,A0,P0
data-strategy,"Data, Analytics, AI Governance, Product, Strategy, PMO, and Sustainability",Sustainability Operations,SK-DATA-STRATEGY-SUSTAINABILITY-INITIATIVE-PRIORITIZATION,data-strategy-sustainability-initiative-prioritization,Sustainability Initiative Prioritization,sustainability_initiative_prioritization_packet.v1,A0,P0
